<!DOCTYPE project>
<!-- 2019/12/08_21:00:00 -->
<project name="toUnzip" basedir="." default="end">

	<target name="init">

		<property name="rootDir" location="C:/e44/w/w20" />
		<property name="tmpDir" location="C:/tmp" />
		<property file="C:/passwordFtp.txt" />

		<tstamp>
			<format property="myTime" pattern="yyyyMMdd_HHmmss" />
		</tstamp>

	</target>

	<target name="end" depends="init ">

		<echo message="delete" />

		<delete includeemptydirs="true">

			<fileset dir="C:/DevCppPortable/w" includes="**/*.exe" />

		</delete>

		<echo message="zip" />

		<zip destfile="${tmpDir}/cpp.zip" encoding="UTF-8">

			<fileset dir="C:/DevCppPortable/w" casesensitive="yes">

				<include name="**/*.cpp" />
				<exclude name="**/*.exe" />

			</fileset>

		</zip>
		
		<zip destfile="${tmpDir}/t2022.zip" encoding="UTF-8">

					<fileset dir="C:\e412\w\t2022\src" casesensitive="yes">

					</fileset>

		</zip>
 
		<ftp server="c64.tw" verbose="yes" depends="yes" passive="yes" userid="c642584" password="${password}" remotedir="/test">

			<fileset dir="${tmpDir}">

				<include name="cpp.zip" />
				<include name="t2022.zip" />
				
			</fileset>

		</ftp>

	</target>

</project>