<!DOCTYPE project>
<!-- 2019/12/08_21:00:00 -->
<project name="toUnzip" basedir="." default="end">

	<target name="init">

		<property name="rootDir" location="C:/e44/w/w20" />
		<property name="tmpDir" location="C:/tmp" />
		<property file="C:/passwordFtp.txt" />

		<tstamp>
			<format property="myTime" pattern="yyyyMMdd_HHmmss" />
		</tstamp>

	</target>

	<target name="end" depends="init ">

		<echo message="delete" />

		<delete includeemptydirs="true">

			<fileset dir="C:/Users/gau/Downloads/note" includes="**/*.exe" />

		</delete>

		<echo message="zip" />

		<zip destfile="${tmpDir}/note.zip" encoding="UTF-8">

			<fileset dir="C:/Users/gau/Downloads/note" casesensitive="yes">

				<include name="**/*.txt" />
				<exclude name="**/*.exe" />

			</fileset>

		</zip>
 
		<ftp server="c64.tw" verbose="yes" depends="yes" passive="yes" userid="c642584" password="${password}" remotedir="/test">

			<fileset dir="${tmpDir}">

				<include name="note.zip" />
			 
			</fileset>

		</ftp>

	</target>

</project>